INSERT INTO "users" ("id", "username", "password_hash", "email", "phone", "first_name", "last_name", "is_admin") VALUES
('1', 'enrico', '$2b$12$t1q5qnR88KacWOlevjWf8e8eKtWB06O40YkNr.c25FYJ/2dtlUPXC', 'enrico.cotticottini@example.com', '1234567890', 'Enrico', 'Cotti Cottini', '0'),
('2', 'johnny', '$2b$12$LA3iCLTxw2jC1fOOoXMZiegupARy.2CifCcKZ.IaHIBWR79S1Xplu', 'john@example.com', '1234567890', 'John', 'Doe', '1');


INSERT INTO "conversations" ("id", "title", "user_id") VALUES
('1', 'Maple Cinnamon Granola Bars', '1'),
('2', 'Snack Container Set', '2'),
('3', 'Kids'' Art Supplies Kit', '1'),
('4', 'Beef Stroganoff Meal Kit', '2'),
('5', 'Smoky BBQ Jackfruit', '1'),
('6', 'Children''s Backpack', '2'),
('7', 'Oven-Baked Cheese Crisps', '1'),
('8', 'Bluetooth Headphones', '2'),
('9', 'Key Finder', '1'),
('10', 'Chicken Sausage', '2');


INSERT INTO "messages" ("id", "text", "created_at", "conversation_id", "rating", "is_bot") VALUES
('19', '-- Filium morte multavit -- Si sine', '2024-03-24 13:08:25', '6', '0', '0'),
('40', 'Ad corpus referri nec ob', '2024-03-24 14:56:51', '1', '1', '1'),
('66', 'Ad voluptatem voluptas autem est sola quae nos vocet ad se', '2024-03-24 17:20:02', '5', '0', '0'),
('84', 'Aeternum et infinitum impendere malum', '2024-03-24 18:56:40', '7', '0', '1'),
('34', 'Aliae quoque causae sed multitudinem haec maxime allicit quod ita putant dici', '2024-03-24 14:25:17', '5', '0', '0'),
('79', 'Amicitia et amicitia cum voluptate vivere Huic certae stabilique sententiae quae', '2024-03-24 18:28:31', '9', '1', '1'),
('37', 'Asperum nisi dolorem de quibus neque depravate iudicant neque', '2024-03-24 14:44:28', '2', '0', '0'),
('57', 'Atomorum nullo a principio sed ex aeterno tempore', '2024-03-24 16:25:18', '6', '1', '1'),
('16', 'Auctori huius disciplinae placet constituam quid et quale sit', '2024-03-24 12:56:00', '1', '1', '0'),
('55', 'Audita pronuntiaret eum non talem videri fuisse in imperio quales', '2024-03-24 16:17:57', '10', '0', '1'),
('38', 'Aut officiis debitis aut rerum necessitatibus saepe eveniet', '2024-03-24 14:50:53', '9', '0', '1'),
('27', 'Aut utilior aut ad beatam aut ad beatam aut ad beatam aut ad', '2024-03-24 13:42:41', '2', '1', '0'),
('58', 'Cognitionis regula et iudicio ab eadem illa atomorum in quo etiam', '2024-03-24 16:31:47', '5', '0', '1'),
('13', 'Consequantur dolores et qui suum iudicium retinent ne', '2024-03-24 12:38:41', '2', '0', '0'),
('72', 'Consequatur vel illum qui dolorem ipsum quia', '2024-03-24 17:57:29', '1', '1', '1'),
('39', 'Consumeret in quibus sequitur Democritum non fere labitur Quamquam', '2024-03-24 14:54:30', '6', '1', '0'),
('43', 'Corpore voluptatem aut cum Latinis tertio consulatu conflixisse', '2024-03-24 15:09:46', '8', '0', '0'),
('21', 'Cum ipsi naturae patrioque amori praetulerit ius maiestatis', '2024-03-24 13:15:20', '6', '0', '0'),
('67', 'Cyrenaicisque melius liberiusque defenditur tamen eius modi esse iudico ut nihil homine', '2024-03-24 17:24:04', '10', '0', '1'),
('99', 'De iustitia iudicandum est quae non modo voluptatem esse verum etiam', '2024-03-24 20:23:36', '2', '1', '0'),
('93', 'Dissentientium inter se dissident atque discordant ex quo efficeretur', '2024-03-24 19:50:22', '6', '0', '1'),
('94', 'Dolemus angoribus Quocirca eodem modo sapiens erit affectus erga amicum', '2024-03-24 19:56:48', '4', '0', '0'),
('45', 'Dolere Sed ut iis bonis erigimur quae expectamus sic laetamur iis quae', '2024-03-24 15:28:05', '2', '0', '1'),
('85', 'Doloribus quanti in hominem maximi cadere possunt nulla spe proposita fore', '2024-03-24 19:04:17', '6', '1', '0'),
('61', 'Enim medicorum scientiam non ipsius artis sed bonae valetudinis', '2024-03-24 16:52:50', '4', '1', '0'),
('50', 'Erit enim iam de omnium virtutum cursu ad voluptatem', '2024-03-24 15:48:41', '7', '0', '0'),
('59', 'Esse faciendum ii voluptatem maximam adipiscuntur praetermittenda voluptate Idem etiam dolorem saepe', '2024-03-24 16:40:38', '7', '0', '0'),
('7', 'Esse iucundum est propterea quia tutiorem vitam et', '2024-03-24 12:06:19', '5', '1', '0'),
('41', 'Esse omne iudicium veri et falsi putat Confirmat autem illud', '2024-03-24 14:58:07', '6', '1', '0'),
('64', 'Esse potest nec in discordia dominorum', '2024-03-24 17:06:39', '8', '0', '0'),
('22', 'Ex futuris sed expectat illa fruitur praesentibus', '2024-03-24 13:17:52', '4', '1', '0'),
('68', 'Exorsus est Primum igitur inquit sic agam ut ipsi auctori huius', '2024-03-24 17:32:09', '9', '0', '1'),
('87', 'Fortunam intervenire sapienti maximasque ab eo nos abducat Sin laboramus quis', '2024-03-24 19:19:02', '8', '1', '0'),
('83', 'Graecos quidem legendos putent Res vero bonas verbis electis graviter', '2024-03-24 18:53:22', '9', '0', '0'),
('26', 'Igitur vera ratio bene sanos ad iustitiam aequitatem', '2024-03-24 13:41:29', '7', '0', '0'),
('53', 'Illam habemus quae percipitur omni dolore detracto nam quoniam cum privamur dolore', '2024-03-24 16:03:12', '8', '0', '1'),
('48', 'In iis rebus emolumenti quae pariuntur iniuria Itaque ne iustitiam', '2024-03-24 15:40:22', '4', '1', '1'),
('60', 'In malis dolor non existimant oportere nimium', '2024-03-24 16:49:41', '4', '1', '0'),
('65', 'In philosophia audeam scribere Quamquam a te ipso id quidem facio provocatus gratissimo', '2024-03-24 17:16:31', '2', '1', '0'),
('44', 'Incurreret Nam quibusdam et iis quidem non admodum indoctis totum', '2024-03-24 15:19:34', '10', '1', '1'),
('46', 'Inquam in physicis quibus maxime gloriatur primum totus est', '2024-03-24 15:31:10', '3', '1', '0'),
('36', 'Inter mediocrem animadversionem atque admonitionem Altera occulta quaedam et horrida de malis', '2024-03-24 14:34:36', '10', '1', '0'),
('96', 'Interrogari Ut placet inquam Tum dicere exorsus est Primum igitur inquit', '2024-03-24 20:07:07', '5', '0', '1'),
('52', 'Iudicium retinent ne voluptate victi faciant id', '2024-03-24 16:01:00', '9', '0', '0'),
('54', 'Laetitiam id est viros censes tantas res gessisse sine causa Quae fuerit', '2024-03-24 16:11:37', '1', '1', '1'),
('88', 'Legant quam legendi sunt Quid enim me prohiberet Epicureum', '2024-03-24 19:24:19', '10', '0', '0'),
('91', 'Lucifugi maledici monstruosi alii autem etiam amaret', '2024-03-24 19:42:19', '1', '0', '0'),
('33', 'Ludicra exercendi aut venandi consuetudine adamare solemus quanto id in hominum', '2024-03-24 14:16:12', '8', '1', '0'),
('89', 'Maius amicitia nihil uberius nihil iucundius Nec vero hoc oratione', '2024-03-24 19:29:05', '2', '1', '1'),
('86', 'Malarum maxime hominum vita vexetur ob eumque errorem et voluptatibus', '2024-03-24 19:12:29', '1', '1', '0'),
('17', 'Metuque vivamus animumque et corpus quantum efficere possimus molestia liberemus Ut', '2024-03-24 13:01:28', '4', '1', '0'),
('95', 'Modum affecta nunc est desiderat'' -- Nihil sane -- ''At', '2024-03-24 19:58:33', '3', '1', '1'),
('2', 'Munere sed tuemur ea quae corrigere vult mihi quidem', '2024-03-24 11:36:11', '7', '1', '0'),
('11', 'Ne Graecos quidem legendos putent Res', '2024-03-24 12:27:23', '3', '1', '0'),
('47', 'Nec sapienter honeste iuste nisi iucunde Neque enim civitas in seditione', '2024-03-24 15:37:41', '5', '1', '1'),
('63', 'Non delectet eos sermo patrius cum idem fabellas', '2024-03-24 16:57:23', '6', '1', '0'),
('71', 'Non esse faciendum ii voluptatem maximam adipiscuntur praetermittenda voluptate Idem etiam dolorem saepe', '2024-03-24 17:50:35', '6', '1', '1'),
('3', 'Non est Nihil enim desiderabile', '2024-03-24 11:40:00', '3', '1', '1'),
('82', 'Non faciendumve sit sed stare etiam oportet in eo', '2024-03-24 18:43:57', '4', '1', '0'),
('32', 'Non fuisse -- Torquem detraxit hosti -- Et quidem', '2024-03-24 14:07:51', '3', '0', '1'),
('42', 'Numquam eius modi esse iudico ut nihil homine videatur indignius Ad', '2024-03-24 15:03:54', '1', '0', '1'),
('31', 'Omnino hic docendi locus sed ita prorsus existimo neque', '2024-03-24 14:06:31', '4', '1', '0'),
('5', 'Omnium regula ad quam omnia iudicia rerum dirigentur numquam ullius oratione victi', '2024-03-24 11:51:55', '2', '1', '1'),
('92', 'Placet constituam quid et quale sit id de', '2024-03-24 19:47:47', '10', '0', '1'),
('35', 'Porro quisquam est qui dolorem eum fugiat quo voluptas nulla pariatur', '2024-03-24 14:33:15', '7', '0', '1'),
('77', 'Possent sine dolore tum in', '2024-03-24 18:17:42', '5', '1', '0'),
('56', 'Postremo aliquos futuros suspicor qui me ad alias litteras vocent', '2024-03-24 16:20:44', '3', '0', '1'),
('24', 'Potius inflammat ut coercendi magis quam dedocendi esse videantur Invitat', '2024-03-24 13:33:17', '5', '1', '0'),
('49', 'Putat ut calere ignem nivem esse albam dulce mel Quorum nihil oportere', '2024-03-24 15:46:09', '9', '1', '1'),
('12', 'Quam eorum utrumvis si aeque diu sit in', '2024-03-24 12:29:27', '8', '1', '0'),
('29', 'Quam severa sit Non enim hanc solam sequimur quae suavitate', '2024-03-24 13:56:45', '1', '0', '1'),
('10', 'Quia iucunditatis vel plurimum afferat Nam diligi', '2024-03-24 12:23:19', '10', '0', '0'),
('51', 'Quid est cur nostri a nostris de amicitia dicenda sunt Praeclare enim Epicurus his', '2024-03-24 15:53:48', '2', '0', '1'),
('97', 'Quidem quosdam si videbitur transferam et maxime ab iis quos', '2024-03-24 20:13:03', '8', '1', '1'),
('23', 'Quo loco videtur quibusdam stabilitas amicitiae vacillare tuentur', '2024-03-24 13:24:25', '3', '0', '1'),
('28', 'Quoniam nacti te inquit sumus aliquando otiosum certe audiam quid sit', '2024-03-24 13:47:59', '9', '0', '1'),
('74', 'Ratione neque disputatione quam ob rem dissentientium inter se cohaerescant ex quo vitam', '2024-03-24 18:07:06', '10', '1', '0'),
('81', 'Rationibus confirmare tantum satis esse admonere Interesse enim inter argumentum conclusionemque rationis', '2024-03-24 18:42:46', '5', '0', '0'),
('90', 'Repudiandae sint et molestiae non recusandae', '2024-03-24 19:37:02', '3', '0', '1'),
('18', 'Rerum bonarum et malarum maxime hominum vita vexetur ob eumque errorem', '2024-03-24 13:02:56', '10', '1', '1'),
('20', 'Rerum gerendarum initia proficiscuntur aut a voluptate aut a dolore', '2024-03-24 13:10:17', '7', '1', '0'),
('15', 'Satisfacit et quidem locis pluribus Sed quot', '2024-03-24 12:46:50', '5', '1', '0'),
('98', 'Scaevola Graecum te Albuci quam Romanum atque Sabinum municipem Ponti Tritani centurionum', '2024-03-24 20:21:40', '7', '0', '0'),
('76', 'Se expetendam esse dicemus sed quia iucunditatis vel plurimum', '2024-03-24 18:11:30', '3', '0', '0'),
('25', 'Secutus esset nollem vituperatum Iam in altera philosophiae parte', '2024-03-24 13:34:34', '8', '0', '1'),
('6', 'Si vero molita quippiam est quamvis occulte fecerit numquam', '2024-03-24 11:58:46', '9', '1', '0'),
('4', 'Sive hoc difficile est tamen nec modus est neque honoris neque imperii', '2024-03-24 11:49:47', '8', '1', '1'),
('1', 'Sunt An ''Utinam ne in nemore   '' nihilo minus legimus', '2024-03-24 11:28:56', '6', '0', '1'),
('80', 'Sunt vitae sine metu vivere Quae est enim aut utilior aut', '2024-03-24 18:33:28', '7', '0', '0'),
('62', 'Tamen Democritum laudatum a ceteris ab hoc qui', '2024-03-24 16:54:45', '3', '1', '1'),
('100', 'Temporibus autem quibusdam et aut officiis debitis aut rerum necessitatibus saepe', '2024-03-24 20:33:33', '9', '0', '0'),
('30', 'Tenebo si ob aliquam causam ista quae sine dubio praeclara sunt', '2024-03-24 14:05:04', '10', '0', '0'),
('73', 'Torquatus Prorsus inquit assentior neque enim disputari sine reprehensione nec', '2024-03-24 18:00:03', '8', '0', '1'),
('9', 'Triarius in primis gravis', '2024-03-24 12:21:51', '4', '0', '0'),
('8', 'Vera nihil afferrent quo iucundius id est quo melius viveremus eas ergo artes', '2024-03-24 12:14:57', '1', '1', '1'),
('70', 'Vero Epicurus una in domo et ea quidem angusta', '2024-03-24 17:44:10', '7', '1', '1'),
('75', 'Vero quoniam forensibus operis laboribus periculis non deseruisse mihi', '2024-03-24 18:08:26', '2', '0', '1'),
('69', 'Vituperandae maledicta contumeliae tum iracundiae contentiones concertationesque in disputando pertinaces indignae', '2024-03-24 17:35:24', '1', '0', '0'),
('78', 'Vivere Id qui in una virtute', '2024-03-24 18:22:03', '4', '0', '1'),
('14', 'Voluptatum deleniti atque corrupti quos dolores et quas molestias excepturi sint', '2024-03-24 12:41:51', '9', '1', '0');


INSERT INTO "support" ("id", "user_id", "description", "status", "subject", "created_at") VALUES
('1', '1', 'Turbulentaeque sunt, sic ut plura nemini e nostris, qui haec subtilius velint tradere et negent satis esse, quid bonum sit aut quid iudicat, quo aut petat aut fugiat aliquid, praeter voluptatem et dolorem? Sunt autem quidam e nostris, et scribentur fortasse plura.', '1', 'Aut reiciendis voluptatibus maiores alias consequatur aut perferendis doloribus asperiores repellat. Hanc ego cum teneam sententiam, quid est enim contra Cyrenaicos satis acute, nihil ad iucunde vivendum reperiri posse, quod coniunctione tali sit aptius. Q', '2024-03-24 11:28:56'),
('2', '2', 'Et molestia perfruique maximis et animi et molestiam dolor afferat, eorum tamen utrumque et ortum esse e corpore et ad tranquillitatem ferant, quid est cur dubitemus dicere et sapientiam propter voluptates expetendam et insipientiam propter molestias.', '1', 'Enim hanc solam sequimur, quae suavitate aliqua naturam ipsam movet et cum.', '2024-03-24 11:38:27'),
('3', '1', 'Minime nobis iniucundus labor. Iis igitur est non miser. Accedit etiam mors, quae quasi delapsa de caelo est ad quiete vivendum, caritatem, praesertim cum omnino nulla sit utilitas ex amicitia, tamen ipsi amici propter se ipsos penitus perdiderunt, sic robustus animus et a falsis.', '0', 'Enim mortis metu omnis quietae vitae status perturbatur, et ut.', '2024-03-24 11:41:41'),
('4', '2', 'Ut enim ad minima veniam, quis nostrum exercitationem ullam corporis suscipit laboriosam, nisi ut.', '1', 'Pro vero probatum sit, sublatum esse omne iudicium veri et falsi putat. Confirmat autem illud vel maxime, quod.', '2024-03-24 11:50:15'),
('5', '1', 'Parvam et non necessariam et quae fugiamus refert omnia. Quod quamquam Aristippi est a.', '0', 'Quam dolorum. Nam et complectitur.', '2024-03-24 11:52:27'),
('6', '2', 'Primorum signiferumque, maluisti dici. Graece ergo praetor Athenis, id quod maluisti, te, cum ad me de virtute misisti. Sed ex eo credo quibusdam usu venire; ut abhorreant a Latinis, quod inciderint in inculta quaedam et horrida.', '1', 'Omnino fore. De qua Epicurus quidem ita dicit, omnium rerum, quas ad beate vivendum sapientia comparaverit, nihil esse.', '2024-03-24 11:57:35'),
('7', '1', 'Et comparandae voluptatis -- Quam autem ego dicam voluptatem, iam videtis, ne invidia verbi labefactetur oratio mea --. Nam cum solitudo et vita sine amicis insidiarum et metus et aegritudines ad dolorem referuntur, nec praeterea est res ulla, quae sua.', '1', 'Prima veniat in medium Epicuri ratio, quae plerisque notissima est. Quam a nobis explicatam esse his litteris arbitramur.', '2024-03-24 12:04:45'),
('8', '2', 'Loquuntur magistra ac duce natura nihil esse maius amicitia, nihil uberius, nihil iucundius. Nec vero quisquam stultus non horum morborum aliquo laborat, nemo igitur est non miser. Accedit etiam mors, quae quasi titillaret sensus, ut ita ruant itaque turbent, ut earum motus et impetus.', '1', 'Necesse est. Tribus igitur modis video esse multos, sed imperitos --, quamquam autem et.', '2024-03-24 12:09:31'),
('9', '1', 'Fortunae modice ferre doceat iniurias et omnis monstret vias, quae ad quietem et ad.', '1', 'Tite!'' hinc hostis mi Albucius, hinc inimicus. Sed iure Mucius. Ego autem mirari satis non queo unde hoc sit tam insolens domesticarum rerum fastidium. Non est omnino hic.', '2024-03-24 12:13:53'),
('10', '2', 'Expetendam esse dicemus, sed quia maiores consequatur. Eadem fortitudinis ratio reperietur. Nam neque laborum.', '1', 'Parentes, multi amicos, non nulli patriam, plerique autem se ipsos penitus perdiderunt, sic robustus animus et excelsus omni est liber cura et angore, cum et mortem contemnit, qua qui est imbutus quietus.', '2024-03-24 12:17:53'),
('11', '1', 'Extremum autem esse bonorum eum voluptate vivere. Huic certae stabilique sententiae quae sint quaeque cernantur, omnia, eumque motum atomorum nullo a principio, sed ex aeterno tempore intellegi convenire. Epicurus autem, in quibus sequitur Democritum, non fere labitur. Quamquam utriusque cum multa non probo, inquam.', '0', 'Meo arbitratu facerem, ante hoc tempus numquam est ille diceret? Cum praesertim illa perdiscere ludus.', '2024-03-24 12:19:22'),
('12', '2', 'Opera multa nec impensa expleantur; ne naturales quidem multa desiderant, propterea quod ipsa natura incorrupte atque integre iudicante. Itaque negat opus esse ratione neque disputatione, quam ob rem dissentientium inter se dissident atque discordant, ex quo.', '0', 'Impetus quo pertineant non intellegamus, tu tam egregios viros censes tantas res gessisse sine causa? Quae fuerit causa, mox videro; interea hoc tenebo, si ob aliquam causam ista, quae sine dubio praeclara sunt, fecerint, virtutem iis.', '2024-03-24 12:27:10'),
('13', '1', 'Est, necesse est, quid aut ad naturam aut contra sit, a natura proficiscuntur, facile explentur sine ulla iniuria, quae autem tanta ex improbis factis ad minuendas vitae molestias accessio potest fieri, quanta ad augendas, cum conscientia factorum, tum poena legum odioque civium? Et tamen in quibusdam neque pecuniae modus est ullus investigandi veri, nisi inveneris, et.', '1', 'Quidem vituperatoribus satis responsum est eo libro, quo a populo Romano locatus sum, debeo profecto, quantumcumque possum, in.', '2024-03-24 12:34:15'),
('14', '2', 'Sic verterem Platonem aut Aristotelem, ut verterunt nostri poetae fabulas, male, credo.', '0', 'Quidem, sicut alia; sed neque tam docti tum erant, ad quorum iudicium elaboraret, et sunt illius scripta leviora, ut urbanitas.', '2024-03-24 12:41:02'),
('15', '1', 'Sensu careat, dolor in longinquitate levis, in gravitate brevis soleat esse, ut ad id omnia referri oporteat, ipsum autem nusquam. Hoc Epicurus in voluptate ponatur, sed sine hoc institutionem omnino amicitiae non posse.', '1', 'Magna afficitur voluptate. Dolores autem si qui incurrunt, numquam vim tantam habent, ut non modo voluptatem esse, verum etiam approbantibus nobis. Sic enim ab.', '2024-03-24 12:50:10'),
('16', '2', 'Aliud sit nisi cum voluptate conectitur. Nam et laetamur amicorum laetitia aeque atque nostra et pariter dolemus angoribus. Quocirca eodem modo sapiens erit affectus erga amicum, quo in se ipsum, quosque labores propter suam voluptatem susciperet, eosdem suscipiet propter amici voluptatem. Quaeque.', '0', 'Caritatem, praesertim cum omnino nulla sit causa peccandi. Quae enim cupiditates a natura proficiscuntur, facile explentur sine ulla iniuria, quae.', '2024-03-24 12:51:15'),
('17', '1', 'Plerique autem, quod tenere atque servare id, quod maxime placeat, facere possimus.', '0', 'Aliqua. Ut enim ad minim veniam, quis nostrum exercitationem ullam corporis suscipit laboriosam, nisi ut aliquid ex ea commodi consequatur? Quis autem vel eum iure reprehenderit, qui in una virtute ponunt et splendore nominis capti quid natura postulet non', '2024-03-24 12:58:08'),
('18', '2', 'Verum etiam approbantibus nobis. Sic enim ab Epicuro sapiens semper beatus inducitur: finitas habet cupiditates, neglegit mortem, de diis inmortalibus sine ullo.', '1', 'Laboribus, periculis non deseruisse mihi videor praesidium, in quo admirer, cur in.', '2024-03-24 13:07:42'),
('19', '1', 'Menandro solet. Nec vero, ut noster Lucilius, recusabo, quo minus omnes mea legant. Utinam esset ille Persius, Scipio vero et Rutilius multo etiam magis, quorum ille iudicium reformidans Tarentinis ait se et Consentinis et Siculis scribere.', '1', 'Omnibus iudicari potest non modo singulos homines, sed universas familias evertunt, totam etiam labefactant saepe rem publicam. Ex cupiditatibus odia, discidia, discordiae, seditiones, bella nascuntur, nec eae se.', '2024-03-24 13:09:33'),
('20', '2', 'Hanc omnem quaestionem de finibus bonorum et malorum fere a nobis philosophia defensa et collaudata est, cum esset accusata et vituperata ab Hortensio. Qui liber cum et mortem contemnit, qua qui est imbutus quietus esse numquam potest. Praeterea bona praeterita grata recordatione renovata delectant. Est autem situm in nobis ut et adversa quasi perpetua oblivione obruamus.', '0', 'Nec reliquarum cupiditatum, quas nulla praeda umquam improbe parta minuit.', '2024-03-24 13:17:08'),
('21', '1', 'Perpetuis fruentem et animo et corpore voluptatibus nullo dolore nec impediente nec inpendente, quem tandem hoc statu praestabiliorem aut magis expetendum.', '1', 'Sic in omni re doloris amotio successionem efficit voluptatis. Itaque non.', '2024-03-24 13:21:03'),
('22', '2', 'Aut omnia semper desperantes aut malivoli, invidi, difficiles, lucifugi, maledici, monstruosi, alii autem etiam.', '0', 'Significet illum in hae esse rogatiuncula delectatum: ''Numquidnam manus tua sic affecta, quem ad me accedis, saluto: ''chaere,'' inquam, ''Tite!'' lictores, turma omnis chorusque: ''chaere, Tite!'' hinc hostis mi Albucius, hinc inimicus. Sed iure Mucius. Ego aut', '2024-03-24 13:29:40'),
('23', '1', 'Ut sine cura metuque vivamus animumque et corpus, quantum efficere possimus, molestia liberemus. Ut.', '1', 'Aptior partitio quam illa, qua est usus Epicurus? Qui unum genus posuit earum cupiditatum, quae essent et naturales.', '2024-03-24 13:32:00'),
('24', '2', 'Legimus libenter et legemus --, haec, quae de philosophia litteris mandamus, legere assueverit, iudicabit nulla ad legendum his.', '1', 'In Stoicis? Legimus tamen Diogenem, Antipatrum, Mnesarchum, Panaetium, multos alios in primisque familiarem nostrum Posidonium. Quid? Theophrastus mediocriterne delectat, cum tractat locos ab Aristotele.', '2024-03-24 13:33:04'),
('25', '1', 'Ex qua quaeque res efficiatur, alterum, quae vis sit, quae quidque efficiat, de materia disseruerunt, vim et causam.', '0', 'Contemnentes Latinas, qui se Latina scripta dicunt contemnere. In quibus nulla solida utilitas omnisque puerilis est delectatio, aut se, ut Plato, in musicis, geometria, numeris, astris contereret, quae et splendide dicta sint neque sint conversa de Graeci', '2024-03-24 13:36:34'),
('26', '2', 'Ad modum, quaeso, interpretaris? Sicine eos censes aut in dolore. Omnis autem privatione doloris putat Epicurus terminari summam voluptatem, ut postea variari voluptas distinguique possit, augeri amplificarique non possit. At etiam Athenis, ut e patre audiebam facete et urbane.', '1', 'Magna afficitur voluptate. Dolores autem si qui e nostris aliter existimant, quos quidem video minime esse deterritum. Quae cum tota res (est) ficta pueriliter, tum ne efficit quidem, quod vult. Nam et complectitur verbis, quod vult.', '2024-03-24 13:41:36'),
('27', '1', 'Apud quem praeclare Scaevola: Graecum te, Albuci, quam Romanum atque Sabinum, municipem Ponti, Tritani, centurionum, praeclarorum hominum ac primorum signiferumque, maluisti.', '0', 'Consentaneum est ultimum esse bonorum voluptatem ex infinito tempore aetatis.', '2024-03-24 13:51:05'),
('28', '2', 'Medium Epicuri ratio, quae plerisque notissima est. Quam a nobis explicatam esse his litteris arbitramur, in quibus, quantum.', '1', 'Malum, quae perspexit in hoc ipso vitae spatio amicitiae praesidium esse firmissimum.'' Sunt autem quidam Epicurei timidiores paulo contra vestra convicia, sed tamen satis.', '2024-03-24 13:55:56'),
('29', '2', 'Et iudicio ab eadem illa constituto veri a falso distinctio.', '0', 'Amicis quam sibi, quibus non solum videamus, sed etiam.', '2024-03-24 14:00:59'),
('30', '1', 'Quod et posse fieri intellegimus et saepe etiam.', '0', 'Nunc ab Epicureis. Sed ad haec, nisi molestum est, habeo quae velim. An me, inquam, nisi te audire vellem, censes haec dicturum fuisse? Utrum igitur percurri omnem Epicuri disciplinam placet an de una voluptate quaeri, de qua Epicurus quidem ita dicit, omn', '2024-03-24 14:09:07'),
('31', '1', 'Ipsa detractio molestiae consecutionem affert voluptatis, sic in omni re doloris amotio successionem efficit voluptatis. Itaque non placuit Epicuro medium esse quiddam inter dolorem et voluptatem; illud enim ipsum, quod quibusdam medium videretur, cum omni dolore.', '1', 'Brevi. Nullus in ipsis error est finibus bonorum et malorum fere a nobis philosophia defensa et collaudata est, cum esset accusata et vituperata ab Hortensio. Qui liber cum et tibi.', '2024-03-24 14:15:17'),
('32', '2', 'Gravis, tum in morbos gravis, tum in dedecora incurrunt, saepe etiam videmus, et perspicuum est omnis rectas res atque laudabilis eo referri, ut cum.', '1', 'Res efficiatur, alterum, quae naturales essent nec tamen id, cuius causa haec finxerat, assecutus est. Nam si omnes atomi declinabunt, nullae umquam.', '2024-03-24 14:25:12'),
('33', '1', 'Earum explicatis, et, ut modo docui, cognitionis regula et iudicio ab eadem illa atomorum, in quo etiam Democritus haeret, turbulenta concursio hunc mundi ornatum.', '1', 'Sint opera, studio, labore meo doctiores cives mei, nec cum istis tantopere pugnare, qui Graeca legere malint, modo legant illa ipsa, ne simulent, et iis quidem non admodum flagitem. Re mihi non aeque.', '2024-03-24 14:28:12'),
('34', '2', 'Magistra ac duce natura nihil esse prosperum nisi voluptatem, nihil asperum nisi dolorem, de.', '0', 'Alliciat suapte natura, non potest esse dubium, quin id sit summum atque extremum bonorum omnium, beateque vivere nihil aliud sit.', '2024-03-24 14:29:15'),
('35', '1', 'Exiguam dixit fortunam intervenire sapienti maximasque ab eo et gravissimas res consilio ipsius et ratione administrari neque maiorem voluptatem ex hoc facillime perspici potest: Constituamus aliquem magnis, multis, perpetuis fruentem et animo et attento intuemur, tum fit ut aegritudo.', '0', 'Loco videtur quibusdam stabilitas amicitiae vacillare, tuentur tamen eum locum seque facile, ut mihi quidem videtur, inermis ac nudus est. Tollit definitiones, nihil de dividendo ac partiendo docet, non quo modo efficiatur concludaturque ratio tradit, non ', '2024-03-24 14:33:02'),
('36', '2', 'Et rerum gerendarum. Sic e physicis et fortitudo sumitur contra mortis timorem et constantia contra metum religionis et sedatio animi.', '1', 'Ipsa monet amicitias comparare, quibus partis confirmatur animus et a formidinum terrore vindicet et ipsius fortunae modice ferre doceat iniurias et omnis monstret vias, quae ad quietem et ad dolores ita paratus.', '2024-03-24 14:35:34'),
('37', '2', 'Imitarentur, ullus orationis vel copiosae vel elegantis ornatus defuit? Ego vero, quoniam forensibus operis, laboribus, periculis non deseruisse mihi videor praesidium, in.', '0', 'Aegritudines, molestiae, maerores, qui exedunt animos conficiuntque curis hominum non intellegentium nihil dolendum esse animo, quod sit a dolore corporis praesenti futurove seiunctum. Nec vero quisquam stultus non horum morborum aliquo laborat.', '2024-03-24 14:40:00'),
('38', '1', 'Significet illum in hae esse rogatiuncula delectatum: ''Numquidnam manus tua sic affecta, quem ad modum, quaeso, interpretaris? Sicine eos censes.', '0', 'Romanum atque Sabinum, municipem Ponti, Tritani, centurionum, praeclarorum hominum ac primorum signiferumque, maluisti dici. Graece ergo praetor Athenis, id quod maluisti, te, cum ad.', '2024-03-24 14:44:49'),
('39', '1', 'Corpora individua propter soliditatem, censet in infinito inani, in quo a populo.', '0', 'Maximasque ab eo et gravissimas res consilio ipsius et ratione administrari neque maiorem voluptatem ex hoc percipiatur, quod videamus esse finitum. In dialectica autem vestra nullam existimavit esse nec ad melius vivendum nec ad melius vivendum nec ad com', '2024-03-24 14:52:38'),
('40', '2', 'Ad dolores ita paratus est, ut meminerit maximos morte finiri.', '0', 'Et laetamur amicorum laetitia aeque atque nostra et pariter dolemus angoribus. Quocirca.', '2024-03-24 15:02:20'),
('41', '1', 'Male conversam Atilii mihi legendam putem, de quo Lucilius: ''ferreum scriptorem'', verum, opinor, scriptorem tamen, ut legendus sit. Rudem enim esse censet, quantus videtur, vel paulo aut maiorem aut minorem. Ita, quae mutat, ea corrumpit, quae.', '0', 'Esse quam vacare omni dolore careret, non modo singulos homines, sed universas familias evertunt, totam etiam labefactant saepe rem publicam. Ex cupiditatibus odia, discidia, discordiae, seditiones, bella nascuntur, nec eae.', '2024-03-24 15:05:46'),
('42', '2', 'Modum eae semper voluptatibus inhaererent, eadem de amicitia dicenda sunt. Praeclare enim Epicurus his paene verbis: ''Eadem'', inquit, ''scientia confirmavit animum, ne quod aut sempiternum aut diuturnum timeret malum, quae perspexit in hoc ipso vitae spatio amicitiae praesidium esse firmissimum.'' Sunt autem quidam e nostris, qui haec subtilius.', '0', 'Metu contineret, saluti prospexit civium, qua.', '2024-03-24 15:14:43'),
('43', '1', 'Et secunda iucunde ac suaviter meminerimus. Sed cum ea.', '0', 'Se nobis ducem praebeat ad voluptatem. Sapientia enim est a Cyrenaicisque.', '2024-03-24 15:19:21'),
('44', '2', 'Ad amicos pertinerent, negarent esse per se ipsa allicit nec patientia nec assiduitas nec vigiliae nec ea ipsa, quae laudatur, industria, ne fortitudo quidem, sed ista sequimur, ut sine cura metuque vivamus animumque et corpus, quantum efficere possimus, molestia liberemus. Ut enim mortis metu omnis quietae vitae status perturbatur, et ut succumbere doloribus eosque humili animo.', '0', 'Naturales essent nec tamen necessariae, tertium, quae nec naturales nec necessariae. Quarum ea ratio est, ut meminerit maximos morte finiri, parvos multa habere intervalla requietis, mediocrium nos esse dominos, ut, si tolerabiles sint, feramus, si minus, ', '2024-03-24 15:20:30'),
('45', '2', 'Vias, quae ad amicos pertinerent, negarent esse per se ipsam optabilem, sed quia iucunditatis vel plurimum afferat. Nam diligi et carum esse iucundum est propterea, quia tutiorem vitam et voluptatem ipsam per se ipsa allicit nec.', '1', 'Aequitate, quam ostendis. Sed uti oratione perpetua malo quam interrogare aut interrogari. Ut placet, inquam. Tum dicere exorsus est. Primum igitur, inquit, sic agam, ut ipsi auctori huius disciplinae placet: constituam, quid et quale sit id, de quo Lucili', '2024-03-24 15:29:34'),
('46', '1', 'Tum vero, si stabilem scientiam rerum tenebimus, servata illa, quae quasi titillaret sensus, ut ita dicam, et ad corpus referri, nec ob eam causam non fuisse. -- Torquem detraxit hosti. -- Et quidem se texit, ne interiret. -- At magnum periculum adiit. -- In oculis quidem exercitus. -- Quid ex eo credo.', '1', 'Haec, quae de philosophia litteris mandamus, legere assueverit, iudicabit nulla ad legendum his esse.', '2024-03-24 15:32:31'),
('47', '1', 'Tantopere pugnare, qui Graeca legere malint, modo legant illa ipsa, ne simulent, et iis quidem non admodum flagitem. Re mihi non aeque satisfacit, et quidem tibi et declinationem.', '0', 'A Latinis, quod inciderint in inculta quaedam et quasi architecto beatae vitae deduceret? Qui quod tibi ita videri necesse est, non satis politus iis artibus, quas qui tenent, eruditi appellantur -- aut ne deterruisset alios a studiis. Quamquam te quidem v', '2024-03-24 15:41:09'),
('48', '2', 'Cum Latinis tertio consulatu conflixisse apud Veserim propter voluptatem; quod vero securi percussit filium, privavisse se etiam videtur multis voluptatibus, cum ipsi naturae patrioque amori praetulerit ius maiestatis atque imperii. Quid? T. Torquatus, is qui consul cum Cn. Octavio.', '1', 'Inquit; audire enim cupio, quid non probes eius, a quo dissentias. Quid enim est a Cyrenaicisque melius liberiusque defenditur, tamen eius modi tempora incidunt.', '2024-03-24 15:42:43'),
('49', '2', 'Litteris uti velint vel, si suas habent, illas non magnopere desiderent. Qui autem ita frui volunt voluptatibus, ut nulli propter eas consequantur dolores, et qui suum iudicium retinent, ne voluptate victi faciant id.', '0', 'Quam corporis. Nam corpore nihil nisi praesens et quod adest sentire possumus, animo autem et praeterita grate meminit et praesentibus.', '2024-03-24 15:45:59'),
('50', '1', 'Illam severitatem in eo filio adhibuit, quem in adoptionem D. Silano emancipaverat, ut eum Macedonum legatis accusantibus, quod pecunias praetorem.', '0', 'Omnia iudicia rerum in sensibus ponit, quibus si semel aliquid falsi pro vero probatum sit, sublatum esse omne iudicium veri et falsi putat. Confirmat autem illud.', '2024-03-24 15:50:57'),
('51', '1', 'Enim non desideraret, quia, quod dolore caret, id in voluptate ponatur, sed sine hoc institutionem omnino amicitiae non posse iucunde vivi, nisi sapienter, honeste iusteque vivatur, nec sapienter, honeste, iuste, nisi iucunde. Neque enim civitas in seditione beata esse potest nec in malis dolor, non existimant oportere nimium.', '1', 'Libidinem fingitur -- ait enim declinare atomum sine causa; quo nihil nec summum nec infimum nec medium nec ultimum nec extremum sit, ita ferri, ut concursionibus.', '2024-03-24 15:55:41'),
('52', '2', 'Nos veriusque quam Stoici. Illi enim negant esse bonum quicquam nisi nescio quam illam umbram, quod appellant honestum non tam solido quam splendido nomine.', '1', 'Natura, non potest esse dubium, quin id sit summum atque extremum bonorum omnium, beateque vivere nihil aliud sit nisi cum.', '2024-03-24 16:01:46'),
('53', '1', 'An me, inquam, nisi te audire vellem, censes haec dicturum fuisse? Utrum igitur percurri omnem Epicuri disciplinam placet an de una voluptate quaeri, de qua omne certamen est? Tuo vero id quidem, inquam, arbitratu. Sic faciam igitur, inquit: unam.', '1', 'Mundus omnesque partes mundi, quaeque in eo non arbitrantur. Erunt etiam, et ii quidem.', '2024-03-24 16:08:31'),
('54', '2', 'Partis confirmatur animus et a falsis initiis profecta vera esse non possunt, conficiuntur et angore.', '0', 'Nullo dolore nec impediente nec inpendente, quem tandem hoc statu praestabiliorem aut magis expetendum possimus dicere? Inesse enim necesse est effici, ut sapiens solum.', '2024-03-24 16:11:21'),
('55', '1', 'Loca, si fana, si urbes, si gymnasia, si campum, si canes, si equos, si ludicra exercendi aut venandi consuetudine adamare solemus, quanto id in voluptate velit esse cillum dolore eu fugiat nulla pariatur. Excepteur sint occaecat cupidatat non proident, sunt in culpa, qui officia deserunt mollit anim id.', '1', 'Nec assiduitas nec vigiliae nec ea ipsa, quae tibi probarentur; si qua in iis rebus emolumenti.', '2024-03-24 16:13:45'),
('56', '2', 'Praesentibus ita potitur, ut animadvertat quanta sint ea quamque iucunda, neque pendet ex futuris, sed expectat illa, fruitur praesentibus ab iisque M. Brutus dissentiet -- quod et posse.', '1', 'Qui sit finis, quid extremum, quid ultimum, quo sint omnia bene vivendi recteque faciendi consilia referenda, quid sequatur natura ut summum ex rebus expetendis, quid fugiat ut extremum.', '2024-03-24 16:19:21'),
('57', '1', 'Id, cuius causa haec finxerat, assecutus est. Nam si omnes veri erunt, ut Epicuri ratio docet, tum denique poterit aliquid cognosci et percipi. Quos qui tollunt et nihil posse percipi dicunt, ii remotis sensibus ne id.', '0', 'Sin laboramus, quis est, qui Ennii Medeam aut Antiopam Pacuvii spernat aut reiciat, quod se isdem Euripidis fabulis delectari dicat.', '2024-03-24 16:22:37'),
('58', '2', 'Alteram posset attingere itaque ** attulit rem commenticiam: declinare dixit atomum perpaulum, quo nihil posset fieri minus; ita effici complexiones et.', '0', 'Quod quam magnum sit fictae veterum fabulae declarant, in quibus hoc primum est in voluptate. Neque enim tempus est ullum.', '2024-03-24 16:30:05'),
('59', '2', 'Potione fames sitisque depulsa est, ipsa detractio molestiae consecutionem affert voluptatis, sic in omni re doloris amotio successionem efficit voluptatis. Itaque non placuit Epicuro medium esse quiddam.', '0', 'Ne quod aut sempiternum aut diuturnum timeret malum, quae perspexit in hoc ipso vitae spatio amicitiae praesidium esse.', '2024-03-24 16:35:36'),
('60', '1', 'Non placuit Epicuro medium esse quiddam inter dolorem et voluptatem; illud enim ipsum, quod quibusdam medium videretur, cum.', '0', 'Qui utuntur, benivolentiam sibi conciliant et, quod aptissimum est ad quiete vivendum, caritatem, praesertim cum omnino nulla sit causa peccandi. Quae.', '2024-03-24 16:45:15'),
('61', '1', 'Tite!'' hinc hostis mi Albucius, hinc inimicus. Sed iure Mucius. Ego autem mirari satis non queo unde hoc sit tam insolens domesticarum rerum fastidium. Non est omnino hic docendi locus; sed ita sentio et saepe disserui, Latinam linguam non modo.', '0', 'Veniam, quis nostrum exercitationem ullam corporis suscipit laboriosam, nisi ut aliquid ex ea commodi consequatur? Quis autem vel eum iure reprehenderit, qui in una virtute ponunt et splendore nominis capti quid natura postulet non intellegunt, errore maxi', '2024-03-24 16:48:46'),
('62', '2', 'Quos offendit noster minime nobis iniucundus labor. Iis igitur est difficilius satis facere, qui se plane Graecum dici velit, ut.', '1', 'Dedocendi esse videantur. Invitat igitur vera ratio bene sanos ad iustitiam, aequitatem, fidem, neque homini infanti aut inpotenti iniuste facta conducunt, qui nec facile efficere possit, quod melius sit, accedere? Statue contra aliquem.', '2024-03-24 16:51:06'),
('63', '2', 'Qui alienae modum statuat industriae? Nam ut Terentianus Chremes non inhumanus, qui novum vicinum non vult ''fodere aut arare aut aliquid ferre denique'' .', '0', 'Non tamquam adversarium aliquem convincere. Accurate autem quondam a L. Torquato, homine omni.', '2024-03-24 16:58:27'),
('64', '1', 'Indignius. Ad maiora enim quaedam nos natura genuit et conformavit, ut mihi quidem videtur. Ac fieri potest, ut propemodum iustioribus.', '1', 'Vero bonas verbis electis graviter ornateque dictas quis non legat? Nisi qui se plane Graecum dici velit, ut a Scaevola est praetore salutatus Athenis Albucius. Quem quidem locum comit multa venustate et omni sale idem Lucilius, apud quem praeclare.', '2024-03-24 16:59:28'),
('65', '2', 'Ceramico Chrysippi sedentis porrecta manu, quae manus significet.', '0', 'Huic certae stabilique sententiae quae sint coniuncta.', '2024-03-24 17:03:15'),
('66', '1', 'Utuntur, benivolentiam sibi conciliant et, quod aptissimum est ad cognitionem omnium, regula, ad quam omnia iudicia rerum in sensibus ponit.', '0', 'Videamus esse finitum. In dialectica autem vestra nullam.', '2024-03-24 17:08:01'),
('67', '1', 'Comparaverit, nihil esse maius amicitia, nihil uberius, nihil iucundius. Nec vero hoc oratione solum, sed multo magis vita et factis et moribus comprobavit. Quod quam magnum sit fictae.', '0', 'Inventore veritatis et quasi involuta aperiri, altera prompta et aperta iudicari. Etenim quoniam detractis de homine sensibus reliqui nihil est, necesse est, quid aut.', '2024-03-24 17:09:07'),
('68', '2', '''Non est igitur voluptas bonum.'' Hoc ne statuam quidem dicturam pater aiebat, si loqui posset. Conclusum est enim in vita tantopere quaerendum quam cum.', '0', 'Si effecerit, et opes vel fortunae vel ingenii liberalitati magis conveniunt, qua qui affecti sunt in culpa, qui officia deserunt mollitia animi.', '2024-03-24 17:17:25'),
('69', '2', 'Aut sempiternum aut diuturnum timeret malum, quae perspexit in hoc.', '1', 'Quaeque res efficiatur, alterum, quae vis sit, quae quidque efficiat, de materia disseruerunt, vim et causam efficiendi reliquerunt. Sed hoc commune.', '2024-03-24 17:22:20'),
('70', '1', 'Et parabilis et terminatas habet; inanium autem cupiditatum nec modus ullus nec finis inveniri potest.', '0', 'Plane, quod intellegam; et tamen ego a philosopho, si afferat eloquentiam, non asperner.', '2024-03-24 17:24:11'),
('71', '1', 'Fore. De qua omne certamen est? Tuo vero id quidem, inquam, arbitratu. Sic faciam igitur, inquit: unam rem explicabo, eamque maximam, de physicis alias, et quidem locis pluribus. Sed quot homines, tot sententiae; falli igitur possumus. Quam ob rem dissentientium inter se.', '1', 'Ratio ipsa monet amicitias comparare, quibus partis confirmatur animus et a spe pariendarum voluptatum seiungi non potest. Atque.', '2024-03-24 17:32:56'),
('72', '2', 'Geometria, numeris, astris contereret, quae et splendide dicta sint neque sint conversa de Graecis? Nam si dicent ab illis has res esse tractatas, ne ipsos quidem Graecos.', '0', 'Ergo Epicurus ineruditus, sed ii indocti, qui, quae pueros non.', '2024-03-24 17:42:17'),
('73', '2', 'Motum atomorum nullo a principio, sed ex aeterno tempore intellegi convenire. Epicurus autem, in quibus nulla solida utilitas omnisque puerilis est.', '1', 'Quod maluisti, te, cum ad me in Cumanum salutandi causa uterque.', '2024-03-24 17:44:50'),
('74', '1', 'Vidit, deinde hoc quoque alienum; nam ante Aristippus, et ille melius. Addidisti ad extremum etiam indoctum fuisse. Fieri, inquam, Triari, nullo pacto potest, ut propemodum iustioribus utamur.', '0', 'Refert omnia. Quod quamquam Aristippi est a Cyrenaicisque melius liberiusque defenditur, tamen eius modi tempora incidunt, ut labore et dolore magnam aliquam quaerat voluptatem. Ut enim aeque doleamus animo, cum corpore dolemus, fieri tamen permagna access', '2024-03-24 17:49:25'),
('75', '1', 'Qui incurrunt, numquam vim tantam.', '0', 'Quasi saxum Tantalo semper impendet, tum superstitio, qua qui utuntur, benivolentiam sibi conciliant et, quod aptissimum est ad cognitionem omnium, regula.', '2024-03-24 17:57:27'),
('76', '2', 'Recordatione laetetur, quid est, cur nostri a nostris de amicitia.', '0', 'Ferre doceat iniurias et omnis monstret vias, quae ad quietem et ad corpus referri, nec ob eam causam non multo maiores esse et muniti videntur, deorum tamen horrent.', '2024-03-24 18:00:24'),
('77', '1', 'Chremes non inhumanus, qui novum vicinum non vult ''fodere aut arare aut aliquid ferre denique'' -- non enim.', '0', 'Beata esse potest nec in discordia dominorum domus; quo minus omnes mea legant. Utinam esset ille Persius, Scipio vero et Rutilius multo etiam magis, quod, cuius in animo versatur, numquam sinit eum respirare, numquam adquiescere. Quodsi ne ipsarum quidem ', '2024-03-24 18:06:17'),
('78', '2', 'Faciant id, quod sentiant non esse faciendum, ii voluptatem maximam adipiscuntur.', '0', 'Cupiditates enim sunt insatiabiles, quae non modo voluptatem esse, verum etiam approbantibus nobis. Sic enim ab Epicuro scriptum est et ad eos cum suavitate afflueret et illaberetur, nec manus esse contenta posset nec ulla pars vacuitate doloris sine iucun', '2024-03-24 18:15:04'),
('79', '1', 'Diuturnum timeret malum, quae perspexit in hoc ipso vitae spatio amicitiae praesidium esse firmissimum.'' Sunt.', '1', 'In qua maxime ceterorum philosophorum exultat oratio, reperire exitum potest, nisi derigatur ad voluptatem.', '2024-03-24 18:24:57'),
('80', '2', 'Sale idem Lucilius, apud quem praeclare Scaevola: Graecum.', '0', 'Vivendi et apertam et simplicem et directam viam! Cum enim certe nihil homini possit melius esse quam Graecam. Quando enim nobis.', '2024-03-24 18:30:22'),
('81', '1', 'In poetis evolvendis, ut ego et Triarius.', '1', 'Epicuri ratio, quae plerisque notissima est. Quam a nobis explicatam esse his litteris arbitramur, in quibus, quantum potuimus, non modo non inopem, ut vulgo putarent, sed locupletiorem etiam esse quam vacare omni dolore careret, non modo non repugnantibus', '2024-03-24 18:37:59'),
('82', '2', 'Genuit et conformavit, ut mihi videtur, expediunt. Ut enim mortis metu omnis quietae vitae status perturbatur, et ut succumbere doloribus eosque humili animo inbecilloque ferre miserum est, ob eamque causam propter voluptatem et dolorem. Ad haec.', '0', 'Quo etiam Democritus haeret, turbulenta concursio hunc mundi ornatum efficere non poterit. Ne illud quidem perspicuum est, maximam animi aut voluptatem aut molestiam plus aut ad beatam aut ad beatam aut ad bene beateque vivendo a.', '2024-03-24 18:46:59'),
('83', '2', 'Ne id ipsum quidem expedire possunt, quod.', '1', 'Qua intellegebat contineri suam. Atque haec.', '2024-03-24 18:53:10'),
('84', '1', 'Legant, quam legendi sunt. Quid enim est una, quae maestitiam pellat ex animis, quae nos a.', '1', 'Graecis legendis operam malle consumere. Postremo aliquos futuros suspicor, qui me ad alias litteras vocent, genus hoc scribendi, etsi sit elegans, personae tamen et dignitatis esse negent. Contra quos omnis dicendum breviter existimo. Quamquam philosophia', '2024-03-24 18:55:22'),
('85', '1', 'Acute, nihil ad iucunde vivendum reperiri posse, quod coniunctione tali sit aptius. Quibus ex omnibus iudicari potest non modo non inopem, ut vulgo putarent, sed locupletiorem etiam esse quam Graecam. Quando enim nobis, vel dicam aut oratoribus bonis aut poetis, postea quidem quam fuit.', '1', 'Esse docui cum voluptate, ut ab ea nullo modo probantur, tamen Democritum laudatum a ceteris ab hoc, qui eum unum.', '2024-03-24 18:56:49'),
('86', '2', 'Animi et molestiam dolor afferat, eorum tamen utrumque et ortum esse e corpore et ad corpus nihil referatur, ista sua sponte et per se laetitiam, id est corpora individua propter.', '1', 'Conquirendae et comparandae voluptatis -- Quam autem ego dicam voluptatem, iam videtis, ne invidia verbi labefactetur oratio mea --. Nam cum solitudo et vita sine amicis insidiarum et metus plena sit, ratio ipsa monet amicitias comparare, quibus partis con', '2024-03-24 18:58:12'),
('87', '1', 'Epicurei, sunt aliae quoque causae, sed multitudinem haec maxime allicit, quod ita putant dici ab illo, recta et honesta quae sint, ea facere ipsa per se laetitiam, id.', '1', 'Et alliciat suapte natura, non potest esse dubium, quin id sit summum atque extremum bonorum omnium, beateque vivere nihil aliud sit nisi cum voluptate vivatur. Quoniam autem id est voluptatem. Homines optimi non intellegunt totam rationem everti, si ita m', '2024-03-24 19:05:37'),
('88', '2', 'Timeret malum, quae perspexit in hoc ipso vitae spatio amicitiae praesidium esse firmissimum.'' Sunt autem quidam Epicurei timidiores paulo contra vestra convicia, sed tamen.', '0', 'Movet et cum iucunditate quadam percipitur sensibus, sed maximam voluptatem illam habemus, quae percipitur omni dolore careret, non modo numquam nocet cuiquam, sed contra semper afficit cum vi sua atque natura, quod tranquillat animos, tum spe.', '2024-03-24 19:13:33'),
('89', '1', 'Quidem adduci vix possum, ut ea, quae dicta sunt ab iis quos probamus, eisque nostrum iudicium et nostrum scribendi ordinem adiungimus, quid habent, cur Graeca anteponant iis, quae et terroribus cupiditatibusque detractis et omnium falsarum opinionum temeritate derepta certissimam se nobis ducem.', '0', 'Minus amicos quam se ipsos amentur. Etenim si delectamur, cum scribimus, quis est tam invidus, qui ab eo ortum, tam.', '2024-03-24 19:17:39'),
('90', '2', 'Quae percipitur omni dolore detracto, nam quoniam, cum privamur dolore, ipsa liberatione et vacuitate omnis molestiae gaudemus, omne autem id.', '0', 'Neque praesenti nec expectata voluptate, quid eo miserius dici aut fingi potest? Quodsi vita doloribus referta maxime fugienda est, summum.', '2024-03-24 19:19:21'),
('91', '1', 'Nullam requirere voluptatem atque ad beate vivendum sapientia comparaverit, nihil esse prosperum nisi voluptatem, nihil asperum nisi dolorem, de quibus ante dictum est, sic amicitiam negant posse a voluptate discedere. Nam cum ignoratione rerum bonarum et malarum maxime hominum vita vexetur, ob eumque errorem et voluptatibus maximis saepe.', '0', 'Explicabo brevi. Nullus in ipsis error est finibus bonorum et malorum fere a nobis sic intelleges eitam, ut ab ea nullo modo probantur, tamen Democritum laudatum a.', '2024-03-24 19:25:50'),
('92', '2', 'Rerum gerendarum. Sic e physicis et fortitudo sumitur contra mortis.', '0', 'Natura aut sollicitare possit aut angere. Praeterea et.', '2024-03-24 19:27:20'),
('93', '1', 'Detractio molestiae consecutionem affert voluptatis, sic in omni munere.', '0', 'Ipsum efficitur in amicitia, et amicitia cum voluptate conectitur. Nam et.', '2024-03-24 19:32:35'),
('94', '2', 'Bonorum, quod omnium philosophorum sententia tale debet esse, ut eius magnitudinem celeritas, diuturnitatem allevatio consoletur. Ad ea cum accedit, ut neque divinum numen horreat.', '1', 'Quia, quod dolore caret, id in voluptate aut a voluptate discedere. Nam cum solitudo et vita sine amicis insidiarum et metus et aegritudines ad dolorem referuntur.', '2024-03-24 19:37:50'),
('95', '2', 'Rem, ad id omnia referri oporteat, ipsum autem nusquam.', '1', 'Involuta aperiri, altera prompta et aperta iudicari. Etenim quoniam detractis de homine sensibus reliqui nihil est, necesse est, non expeteretur, si nihil.', '2024-03-24 19:44:43'),
('96', '1', 'Statua est in eo, qui ita sit affectus, et firmitatem animi nec mortem nec dolorem timentis, quod mors sensu careat, dolor in longinquitate levis.', '0', 'Ipso vitae spatio amicitiae praesidium esse firmissimum.'' Sunt autem quidam e nostris, qui.', '2024-03-24 19:45:51'),
('97', '1', 'Enim aut utilior aut ad bene beateque vivendo a Platone disputata sunt, haec explicari non placebit Latine? Quid? Si nos non interpretum fungimur munere, sed tuemur ea, quae sensum moveat, nulla successerit, eoque intellegi potest quanta voluptas sit non dolere.', '0', 'Persius, Scipio vero et Rutilius multo etiam magis, quod, cuius in.', '2024-03-24 19:51:05'),
('98', '2', 'Privavisse se etiam videtur multis voluptatibus, cum ipsi naturae patrioque amori praetulerit ius maiestatis atque imperii. Quid? T. Torquatus, is qui consul cum Cn. Octavio fuit.', '0', 'Bene beateque vivendum. Sed existimo te, sicut.', '2024-03-24 19:54:20'),
('99', '1', 'Afferat, eorum tamen utrumque et ortum esse e corpore et ad tranquillitatem ferant, quid est cur tam multos legant, quam legendi sunt. Quid enim est una, quae maestitiam pellat ex animis, quae nos a libidinum impetu et a formidinum terrore vindicet et.', '0', 'Et rationibus conquisitis de voluptate et dolore disputandum putant. Sed ut iis bonis erigimur, quae expectamus, sic laetamur iis, quae.', '2024-03-24 20:01:43'),
('100', '2', 'Fuisse. -- Torquem detraxit hosti. -- Et quidem se texit, ne interiret. -- At magnum periculum adiit. -- In oculis quidem exercitus. -- Quid ex eo credo quibusdam.', '0', 'Enim negant esse bonum quicquam nisi nescio quam illam umbram, quod appellant honestum.', '2024-03-24 20:06:46');


INSERT INTO "templates" ("id", "question", "answer", "author", "last_modified") VALUES
('1', 'Maximam adipiscuntur praetermittenda voluptate. Idem etiam dolorem saepe perpetiuntur, ne, si amicitiam propter nostram voluptatem expetendam putemus, tota amicitia quasi claudicare videatur. Itaque primos congressus copulationesque et consuetudinum instituendarum voluntates fieri propter voluptatem; cum autem usus progrediens familiaritatem effecerit, tum amorem efflorescere tantum, ut, etiamsi nulla sit utilitas ex amicitia, tamen ipsi amici propter se ipsos.', 'Aristoteli, Theophrasti orationis ornamenta neglexerit. Nam illud quidem adduci vix possum, ut ea, quae sint coniuncta explicabo brevi. Nullus in ipsis error est finibus bonorum et malorum fere a nobis philosophia defensa et collaudata est, cum id, quod his libris quaeritur, qui sit finis, quid extremum, quid ultimum, quo sint omnia bene.', '1', '2024-10-07 22:14:07'),
('2', 'Non est omnino hic docendi locus; sed ita prorsus existimo, neque eum Torquatum, qui hoc primus cognomen invenerit, aut torquem illum hosti detraxisse, ut aliquam ex eo est consecutus? -- Laudem et caritatem, quae sunt vitae sine metu vivere. Quae est enim aut utilior.', 'Legerint. Nos autem hanc omnem quaestionem de finibus bonorum et malorum, id est vel summum bonorum vel ultimum vel extremum -- quod Graeci telos nominant --, quod ipsum nullam ad aliam rem, ad id autem res referuntur omnes, fatendum est summum esse bonum iucunde.', '2', '2024-09-17 15:17:44'),
('3', 'Accedis, saluto: ''chaere,'' inquam, ''Tite!'' lictores, turma omnis chorusque: ''chaere, Tite!'' hinc hostis mi Albucius, hinc inimicus. Sed iure Mucius. Ego autem mirari satis non queo unde hoc sit tam insolens domesticarum.', 'Inimicus paene nomini Romano est, qui.', '1', '2024-09-10 16:25:54'),
('4', 'Quaerendi ac disserendi, quae logikh dicitur, iste vester plane, ut mihi quidem depravare videatur. Ille atomos quas appellat, id est quo melius viveremus, eas.', 'Eiusmod tempor incididunt ut labore et dolore magna aliqua. Ut enim ad sapientiam perveniri potest, non paranda nobis.', '2', '2025-03-05 04:47:39'),
('5', 'Voluptatem maximam adipiscuntur praetermittenda voluptate. Idem etiam dolorem saepe perpetiuntur, ne, si amicitiam propter nostram voluptatem expetendam putemus, tota amicitia quasi claudicare videatur. Itaque primos congressus copulationesque et consuetudinum instituendarum voluntates fieri propter voluptatem; cum autem usus progrediens familiaritatem effecerit, tum amorem efflorescere tantum, ut, etiamsi nulla sit causa peccandi. Quae enim cupiditates a natura proficiscuntur.', 'De commodis suis cogitarent? At id ne ferae quidem faciunt, ut ita ruant.', '2', '2024-10-22 10:01:42'),
('6', 'Quid poetarum evolutio, quid tanta tot versuum memoria voluptatis affert? Nec mihi tamen, ne faciam, interdictum puto. Locos quidem quosdam, si videbitur, transferam, et maxime ab iis, quos modo nominavi, cum Attico nostro frequenter audivi, cum.', 'Inmortalibus sine ullo metu vera sentit, non dubitat, si ita res se habeat. Nam si ea sola voluptas esset, quae quasi saxum Tantalo semper impendet, tum superstitio, qua qui est imbutus quietus esse numquam potest. Praeterea.', '1', '2025-01-14 01:08:21'),
('7', 'Voluptates, quae ad amicos pertinerent, negarent esse per se esse fugiendum. Itaque aiunt hanc quasi naturalem atque insitam in animis nostris inesse notionem, ut alterum esse appetendum, alterum aspernandum sentiamus. Alii autem, quibus ego assentior, cum a philosophis compluribus permulta dicantur, cur nec voluptas.', 'Possunt haec quadam ratione dici non modo numquam nocet cuiquam, sed contra semper afficit cum vi sua atque natura, quod tranquillat animos, tum spe nihil earum rerum hic tenetur a sapiente delectus, ut aut reiciendis voluptatibus maiores alias consequatur aut perferendis doloribus asperiores repellat.', '1', '2024-12-12 03:52:44'),
('8', 'Eosdem suscipiet propter amici voluptatem. Quaeque de virtutibus dicta sunt, quem ad me in Cumanum salutandi causa uterque.', 'Quod modo dicebas, cadere causa, si qui incurrunt, numquam vim tantam habent, ut non modo fautrices fidelissimae, sed.', '2', '2024-10-16 02:32:37'),
('9', 'Ab inliberali labore deterret --, sic isti curiosi, quos offendit noster minime nobis iniucundus labor. Iis igitur est non miser. Accedit etiam mors, quae quasi delapsa de caelo est ad quiete vivendum, caritatem, praesertim cum omnino nulla sit utilitas ex amicitia, tamen ipsi amici propter se ipsos amentur.', 'Opinor, scriptorem tamen, ut legendus sit. Rudem enim esse censet, quantus videtur, vel paulo.', '2', '2024-06-17 05:46:45'),
('10', 'Quaerenda sint, unum, quae materia sit, ex qua quaeque res.', 'Et declinationem istam atomorum et magnitudinem solis probabo et Democriti errata ab Epicuro reprehensa et correcta permulta. Nunc dicam de voluptate, nihil scilicet novi, ea tamen.', '1', '2024-12-27 21:51:57'),
('11', 'Mihi videor praesidium, in quo etiam Democritus haeret, turbulenta concursio hunc mundi ornatum efficere non poterit. Ne illud quidem perspicuum est.', 'Vitiis, quae paulo ante cum memoriter, tum etiam erga nos amice et benivole collegisti, nec me tamen laudandis.', '1', '2024-05-16 06:46:32'),
('12', 'Etiam Athenis, ut e patre audiebam facete.', 'Delectu rerum, quem modo dixi, constituto, ut aut voluptates omittantur maiorum voluptatum adipiscendarum causa aut dolores suscipiantur maiorum dolorum effugiendorum gratia. Sed de clarorum hominum factis illustribus et gloriosis satis hoc loco dictum.', '2', '2024-05-31 16:06:45'),
('13', 'De diis inmortalibus sine ullo metu vera sentit, non dubitat, si ita melius sit, migrare de vita. His rebus instructus semper est in Ceramico Chrysippi sedentis porrecta manu, quae manus significet illum in.', 'Cum multa non probo, inquam. De cetero vellem equidem aut ipse doctrinis fuisset instructior -- est enim, quae in rebus aut expetendis aut fugiendis ut rationem sequamur monet. Nec enim satis est iudicare quid faciendum non faciendumve sit, sed stare etiam oportet.', '1', '2024-10-12 05:14:46'),
('14', 'Reperire exitum potest, nisi derigatur ad voluptatem, voluptas autem est sola, quae nos exhorrescere metu non sinat. Qua praeceptrice in.', 'Sempiternum aut diuturnum timeret malum, quae perspexit in hoc ipso vitae spatio amicitiae praesidium esse firmissimum.'' Sunt autem quidam e nostris, et scribentur fortasse plura, si vita suppetet; et tamen, qui diligenter haec, quae de philosophia litteris mandamus, legere assueverit, iudicabit nulla ad legendum his esse potiora. Quid est cur tam multos.', '2', '2025-03-01 20:21:50'),
('15', 'Autem usus progrediens familiaritatem effecerit, tum amorem efflorescere tantum, ut, etiamsi nulla sit causa peccandi. Quae enim cupiditates a natura ipsa iudicari.', 'Sensibus ne id ipsum quidem expedire possunt, quod disserunt. Praeterea sublata cognitione et scientia tollitur omnis ratio et vitae degendae et rerum gerendarum. Sic e physicis et fortitudo sumitur contra mortis timorem.', '1', '2024-09-19 20:52:02'),
('16', 'Susciperet, eosdem suscipiet propter amici voluptatem. Quaeque de virtutibus dicta sunt, explicabo. Nemo enim ipsam voluptatem, quia voluptas sit, aspernatur.', 'Quae vitam omnem perturbari videmus errore et inscientia, sapientiamque esse solam, quae nos a libidinum impetu et a falsis initiis.', '2', '2025-02-09 00:54:02'),
('17', 'Neque feci adhuc nec mihi tamen, ne faciam, interdictum puto. Locos quidem quosdam, si videbitur, transferam, et maxime ab iis, quos ego posse iudicare arbitrarer, plura suscepi veritus ne movere hominum studia viderer, retinere non posse. Qui autem, si maxime hoc placeat.', 'Rem redeamus; de hominibus dici non necesse est. Tribus igitur modis video esse multos, sed imperitos --, quamquam autem et praeterita grate.', '1', '2024-04-19 15:42:48'),
('18', 'Manus significet illum in hae esse rogatiuncula delectatum: ''Numquidnam manus tua sic affecta, quem ad me in Cumanum salutandi causa uterque venisset, pauca primo inter nos ea, quae voluptaria, delicata, mollis habeatur disciplina, quam gravis, quam continens, quam severa sit. Non enim hanc solam sequimur, quae suavitate aliqua naturam ipsam movet et cum iucunditate quadam percipitur.', 'Insidiarum et metus plena sit, ratio ipsa monet amicitias comparare, quibus partis confirmatur animus et excelsus omni est liber cura et angore, cum et tibi probatus videretur et iis, quos modo nominavi, cum Attico nostro frequenter audivi, cum miraretur ille quidem utrumque, Phaedrum autem etiam amatoriis levitatibus dediti.', '2', '2024-06-15 08:19:44'),
('19', 'Et sapientiam propter voluptates expetendam et insipientiam propter molestias esse fugiendam? Eademque ratione ne temperantiam quidem.', 'Solum, sed multo magis vita et factis et moribus comprobavit. Quod quam magnum sit fictae veterum fabulae declarant, in quibus hoc primum est in.', '1', '2024-09-03 10:16:48'),
('20', 'Tamquam adversarium aliquem convincere. Accurate autem quondam a L. Torquato, homine omni doctrina erudito, defensa est Epicuri sententia de voluptate, nihil scilicet novi, ea.', 'Se ipsa allicit nec patientia nec assiduitas nec vigiliae.', '2', '2024-05-29 04:43:54'),
('21', 'Faciam, interdictum puto. Locos quidem quosdam, si videbitur, transferam, et maxime ab.', 'Vult, summumque malum dolorem, idque instituit docere sic: Omne animal, simul atque natum sit, voluptatem appetere eaque gaudere.', '1', '2025-02-07 15:41:41'),
('22', 'Cotidie. Quae etsi mihi nullo modo sine amicitia firmam et perpetuam iucunditatem vitae tenere possumus neque vero ipsam amicitiam tueri, nisi aeque amicos et nosmet ipsos diligamus, idcirco.', 'Solida utilitas omnisque puerilis est delectatio, aut se, ut Plato, in musicis, geometria.', '2', '2024-10-26 13:53:01'),
('23', 'Aut Aristotelem, ut verterunt nostri poetae fabulas, male, credo, mererer de meis civibus, si ad eorum cognitionem divina illa ingenia transferrem. Sed id neque feci adhuc nec mihi.', 'Amoris conspiratione consentientis tenuit amicorum greges! Quod fit etiam nunc ab Epicureis. Sed ad haec, nisi molestum est, habeo quae velim. An me, inquam, nisi te audire vellem, censes haec dicturum fuisse? Utrum igitur percurri omnem Epicuri disciplinam placet an de una voluptate quaeri, de qua Epicurus quidem.', '1', '2024-06-30 09:30:26'),
('24', 'Est aut fastidii delicatissimi. Mihi quidem videtur, inermis ac nudus est. Tollit definitiones, nihil de dividendo ac partiendo.', 'Sanciret militaris imperii disciplinam exercitumque in gravissimo bello animadversionis metu contineret, saluti prospexit civium, qua intellegebat contineri suam. Atque haec ratio late patet. In quo enim maxime consuevit iactare vestra se oratio, tua praesertim, qui studiose antiqua persequeris, claris et fortibus viris.', '2', '2024-08-19 00:56:26'),
('25', 'Minus amicos quam se ipsos diligant. Quod et posse fieri intellegimus et saepe disserui, Latinam linguam non modo numquam nocet cuiquam, sed contra semper afficit cum vi sua atque natura, quod tranquillat.', 'Fieri possit, ut ab ea nullo modo probantur, tamen Democritum laudatum a ceteris ab hoc, qui eum unum secutus esset, nollem vituperatum. Iam in altera philosophiae.', '2', '2024-10-02 10:52:28'),
('26', 'Sit. Sentiri haec putat, ut calere ignem, nivem esse albam, dulce mel. Quorum nihil oportere exquisitis rationibus confirmare.', 'Tua sic affecta, quem ad modum, quaeso, interpretaris? Sicine.', '1', '2024-04-12 19:39:26'),
('27', 'Illa mala sint, laetitia, si bona. O praeclaram beate vivendi et apertam et simplicem et directam viam! Cum enim certe nihil homini possit melius esse quam.', 'Tamquam in extremo, omnesque et metus plena sit, ratio ipsa monet amicitias comparare, quibus partis confirmatur animus et a falsis initiis profecta vera esse non possunt et.', '1', '2025-01-13 17:43:54'),
('28', 'Est, tum innumerabiles mundi, qui et oriantur et intereant cotidie. Quae etsi mihi nullo modo nec divelli nec distrahi possint, sic de iustitia iudicandum est, quae non modo non inopem, ut vulgo putarent, sed locupletiorem etiam esse quam Graecam. Quando enim nobis, vel dicam aut oratoribus bonis aut poetis, postea quidem quam.', 'Vita, cum ea non placeat, tamquam e theatro exeamus. Quibus rebus intellegitur nec intemperantiam propter se.', '2', '2024-03-31 21:43:54'),
('29', 'Sine ullo metu vera sentit, non dubitat, si ita melius sit, migrare de vita. His rebus peccant, cum e quibus haec efficiantur ignorant. Animi autem morbi sunt cupiditates.', 'Nec divelli nec distrahi possint, sic de iustitia iudicandum est, quae non modo fautrices fidelissimae, sed etiam quid a singulis philosophiae disciplinis diceretur, persecuti.', '1', '2025-02-14 13:41:24'),
('30', 'Placeat, moderatius tamen id confidet fore semper occultum. Plerumque improborum facta primo suspicio insequitur, dein sermo atque fama, tum accusator, tum iudex; Multi etiam.', 'Tum accusator, tum iudex; Multi etiam, ut te consule, ipsi se indicaverunt. Quodsi qui satis sibi contra hominum.', '2', '2024-08-02 02:44:01'),
('31', 'Quem vos nimis voluptatibus esse.', 'Quas molestias excepturi sint, obcaecati cupiditate non.', '1', '2024-09-05 08:51:24'),
('32', 'Fugiat, sed quia non numquam eius modi tempora incidunt, ut labore et dolore magna aliqua. Ut enim ad.', 'Praeterita non meminerunt, praesentibus non fruuntur, futura modo expectant, quae quia certa esse non possunt, victi et debilitati obiecta specie voluptatis tradunt se libidinibus constringendos nec quid.', '2', '2024-05-22 22:10:42'),
('33', 'Nostram voluptatem expetendam putemus, tota amicitia quasi claudicare videatur. Itaque primos congressus copulationesque et consuetudinum instituendarum voluntates fieri.', 'Doloris amotio successionem efficit voluptatis. Itaque non placuit Epicuro medium esse quiddam inter dolorem et voluptatem; illud enim ipsum, quod quibusdam medium.', '1', '2024-10-20 14:30:24'),
('34', 'Ipse loquerer, tum Triarius leniter arridens: Tu quidem, inquit, totum Epicurum paene e philosophorum choro sustulisti. Quid ei reliquisti, nisi te, quoquo modo loqueretur, intellegere, quid diceret? Aliena dixit in physicis nec ea.', 'Nihil nisi praesens et quod adest sentire possumus, animo autem.', '2', '2024-06-16 01:00:21'),
('35', 'Vivendi artem tantam tamque et operosam et perinde fructuosam relinqueret? Non ergo Epicurus ineruditus, sed ii indocti, qui, quae pueros non didicisse turpe est, ea putant usque ad senectutem esse discenda. Quae cum tota res (est) ficta pueriliter, tum ne efficit quidem, quod vult. Nam et ipsa declinatio.', 'Qui affecti sunt in eadem causa sunt, qua ante quam nati, et.', '2', '2024-04-03 16:39:31'),
('36', 'Et verissimum sit, exquirere? An, partus ancillae sitne in fructu habendus, disseretur inter principes civitatis, P. Scaevolam M''.que Manilium, ab iisque M. Brutus dissentiet -- quod.', 'Ac disserendi, quae logikh dicitur, iste vester plane, ut mihi quidem.', '1', '2024-05-02 15:10:15'),
('37', 'Epicurus in voluptate ponatur, sed sine hoc institutionem omnino amicitiae non posse iucunde vivi.', 'Qui tenent, eruditi appellantur -- aut ne deterruisset alios a studiis. Quamquam te quidem video minime esse deterritum.', '1', '2024-12-15 03:00:43'),
('38', 'Sit. Non enim hanc solam sequimur, quae suavitate aliqua naturam ipsam movet et.', 'Magnitudinem celeritas, diuturnitatem allevatio consoletur. Ad ea cum accedit, ut neque divinum numen horreat nec praeteritas voluptates effluere patiatur earumque assidua recordatione laetetur, quid.', '2', '2025-03-06 21:00:19'),
('39', 'Expetendam et insipientiam propter molestias esse fugiendam? Eademque ratione ne temperantiam.', 'Hoc percipiatur, quod videamus esse finitum. In dialectica autem.', '2', '2025-02-09 05:17:00'),
('40', 'Declarant, in quibus hoc primum est in voluptate velit esse cillum dolore eu fugiat nulla pariatur. Excepteur sint occaecat cupidatat non proident, sunt in culpa, qui officia deserunt mollit anim.', 'Quem optimus quisque pro patria et pro suis suscipit, ut non modo nullam.', '1', '2025-03-22 18:22:04'),
('41', 'Physicis plurimum posuit. Ea scientia et verborum vis et natura orationis et consequentium repugnantiumve ratio potest perspici. Omnium autem rerum.', 'Apte fieri possit, ut ab ea nullo modo sine amicitia firmam.', '1', '2024-07-30 02:02:08'),
('42', 'Esse finitum. In dialectica autem vestra nullam existimavit esse nec ad commodius disserendum viam. In physicis plurimum posuit. Ea scientia et verborum vis et natura orationis et consequentium repugnantiumve ratio potest perspici. Omnium autem rerum natura cognita levamur superstitione, liberamur mortis metu, non conturbamur ignoratione rerum, e qua ipsa horribiles existunt saepe formidines. Denique etiam morati.', 'Maxime allicit, quod ita putant dici ab illo, recta et honesta quae sint, ea facere ipsa per se esse fugiendam temperantiamque expetendam, non quia.', '2', '2024-12-23 20:16:28'),
('43', 'Propter molestias esse fugiendam? Eademque ratione ne temperantiam quidem propter se esse iucunda, per se esset et virtus et cognitio rerum, quod minime ille.', 'Notissima est. Quam a nobis sic intelleges eitam, ut ab ipsis, qui eam disciplinam probant, non soleat accuratius explicari; verum enim invenire volumus, non.', '1', '2025-03-09 12:34:57'),
('44', 'Doctrina philosophi Graeco sermone tractavissent, ea Latinis litteris mandaremus, fore.', 'Si campum, si canes, si equos, si ludicra.', '2', '2024-05-20 06:39:37'),
('45', 'Erit hoc quasi, provincias atomis dare, quae recte, quae oblique ferantur, deinde eadem illa atomorum, in quo a populo Romano.', 'Omnium rerum occultarum ignoratione sublata et moderatio natura cupiditatum generibusque earum explicatis.', '2', '2024-09-03 07:32:21'),
('46', 'Mollitia animi, id est incorruptis atque integris testibus.', 'Non multo maiores esse et voluptates repudiandae sint et molestiae non recusandae. Itaque earum rerum defuturum, quas natura non depravata.', '1', '2025-01-26 05:28:14'),
('47', 'Ab Aristotele ante tractatos? Quid? Epicurei num desistunt de isdem, de quibus et ab Epicuro sapiens semper beatus inducitur: finitas habet cupiditates, neglegit mortem.', 'Omnem quaestionem de finibus bonorum et malorum fere a nobis sic intelleges eitam, ut.', '1', '2024-06-08 22:32:49'),
('48', 'Epicuri ratio docet, tum denique poterit aliquid cognosci et percipi. Quos qui tollunt et nihil posse percipi dicunt, ii remotis.', 'Neque Metrodorus aut quisquam eorum, qui aut saperet aliquid aut ista didicisset. Et quod quaeritur saepe, cur tam multos legant, quam legendi sunt. Quid enim me prohiberet Epicureum esse, si probarem, quae.', '2', '2024-05-25 07:18:31'),
('49', 'Se ipsas tam expetendas, quam nostras expeteremus, quo loco videtur quibusdam stabilitas amicitiae vacillare, tuentur tamen eum locum seque facile, ut mihi videtur, expediunt.', 'Servire, qui vel utrisque litteris uti velint vel, si suas habent, illas non magnopere desiderent. Qui autem ita frui volunt voluptatibus, ut nulli propter eas consequantur dolores, et.', '1', '2025-01-25 14:10:19'),
('50', 'Legere malint, modo legant illa ipsa, ne simulent, et iis servire, qui.', 'Monstret vias, quae ad quietem et ad tranquillitatem ferant, quid est enim aut utilior aut.', '2', '2024-08-06 19:52:23'),
('51', 'Erit affectus erga amicum, quo in se ipsum, quosque labores propter suam voluptatem susciperet, eosdem suscipiet propter amici voluptatem. Quaeque de virtutibus dicta sunt, quem ad.', 'Quid faciendum non faciendumve sit, sed stare etiam oportet in.', '1', '2024-05-13 05:35:30'),
('52', 'Diu sit in corpore. Non placet autem detracta voluptate aegritudinem statim consequi, nisi in voluptatis locum dolor forte successerit, at contra gaudere nosmet omittendis doloribus, etiamsi voluptas ea, quae hoc non minus declarant, sed videntur leviora, veniamus. Quid tibi, Torquate, quid huic Triario litterae, quid historiae cognitioque rerum.', 'Voluptas nulla pariatur? At vero eos et accusamus et iusto odio dignissimos ducimus, qui blanditiis praesentium voluptatum deleniti atque corrupti, quos dolores et quas molestias excepturi sint, obcaecati cupiditate non provident, similique sunt in culpa qui officia deserunt mollit anim id est in voluptate. Neque enim disputari sine reprehensione nec cum iracundia aut pertinacia recte disputari.', '2', '2025-03-14 05:31:25'),
('53', 'Unde omnis iste natus error sit voluptatem accusantium doloremque laudantium.', 'Graecam. Quando enim nobis, vel dicam aut oratoribus bonis aut poetis, postea.', '2', '2024-12-03 21:56:41'),
('54', 'Homines, tot sententiae; falli igitur possumus. Quam ob rem tandem, inquit, non satisfacit? Te enim iudicem aequum puto, modo quae dicat ille bene noris. Nisi mihi Phaedrum, inquam, tu mentitum aut Zenonem putas, quorum utrumque audivi, cum miraretur ille.', 'Non poterit. Ne illud quidem physici, credere aliquid esse minimum, quod profecto numquam putavisset.', '1', '2024-09-20 01:58:37'),
('55', 'Torquato, homine omni doctrina erudito, defensa est Epicuri sententia de voluptate, a meque.', 'Et cum iucunditate quadam percipitur sensibus, sed maximam.', '1', '2024-06-13 02:25:42'),
('56', 'Omnis rectas res atque laudabilis eo referri, ut cum voluptate vivatur. Quoniam autem id est voluptatem. Homines optimi non intellegunt totam rationem everti, si.', 'Aliquo, sed ipsius honestatis decore laudandis, id totum evertitur eo delectu rerum, quem modo dixi, constituto, ut aut reiciendis voluptatibus maiores alias consequatur aut perferendis doloribus asperiores repellat. Hanc ego cum teneam sententiam, quid est enim aut utilior aut ad beatam aut ad bene beateque vivendum. Sed existimo te, sicut nostrum Triarium.', '2', '2024-06-20 13:12:34'),
('57', 'Bonis sit numeranda nec in malis dolor, non existimant oportere nimium nos causae confidere, sed et argumentandum et accurate disserendum et.', 'Etsi mihi nullo modo probantur, tamen Democritum laudatum a ceteris ab hoc, qui eum unum.', '1', '2024-06-20 02:37:33'),
('58', 'Persius, Scipio vero et Rutilius multo etiam magis, quod, cuius in mente consedit, hoc ipso, quod adest, turbulenta est; si vero molita quippiam est, quamvis occulte fecerit, numquam.', 'Ingenia transferrem. Sed id neque feci adhuc nec mihi tamen, ne faciam.', '2', '2024-10-12 07:30:13'),
('59', 'Habere intervalla requietis, mediocrium nos esse dominos, ut, si tolerabiles sint, feramus, si minus, animo aequo e vita, cum ea non placeat, tamquam e theatro exeamus. Quibus rebus intellegitur nec timiditatem ignaviamque vituperari nec fortitudinem patientiamque.', 'Moveat, nulla successerit, eoque intellegi potest quanta.', '1', '2024-05-18 08:21:05'),
('60', 'Amicum, quo in se ipsum, quosque labores propter suam voluptatem susciperet, eosdem suscipiet propter amici voluptatem. Quaeque de virtutibus dicta sunt, quem ad modum affecta nunc est, desiderat.', 'Nisi inveneris, et quaerendi defatigatio turpis est, cum id, quod sentiant non esse faciendum, ii voluptatem maximam adipiscuntur praetermittenda voluptate. Idem etiam dolorem saepe.', '2', '2024-11-14 15:08:02'),
('61', 'Variis ab ultima antiquitate repetitis tria vix amicorum paria reperiuntur, ut ad id autem.', 'Mortis metu, non conturbamur ignoratione rerum.', '1', '2024-07-22 10:42:15'),
('62', 'Enim ipsam voluptatem, quia voluptas sit, aspernatur aut odit aut fugit, sed quia iucunditatis.', 'Posse iudicare arbitrarer, plura suscepi veritus ne movere hominum studia viderer, retinere non posse. Qui autem, si maxime hoc placeat.', '2', '2025-01-08 21:12:52'),
('63', 'Statim consequi, nisi in voluptatis locum dolor forte successerit, at contra gaudere nosmet omittendis doloribus, etiamsi voluptas ea, quae dicta sunt ab iis quos.', 'Factorum, tum poena legum odioque civium? Et tamen ego a philosopho, si afferat eloquentiam, non asperner, si non habeat, non admodum flagitem. Re mihi non aeque satisfacit, et quidem tibi et declinationem istam atomorum et magnitudinem solis probabo et Democriti.', '2', '2025-02-18 08:49:41'),
('64', 'Animo inbecilloque ferre miserum est, ob.', 'Aiunt hanc quasi naturalem atque insitam in animis nostris inesse notionem, ut alterum esse appetendum, alterum aspernandum sentiamus. Alii autem, quibus ego assentior, cum a philosophis compluribus permulta dicantur, cur nec voluptas in bonis sit numeranda nec in malis dolor, non existimant oportere nimium.', '1', '2025-01-17 06:14:11'),
('65', 'Concursionibus inter se reprehensiones non sunt vituperandae, maledicta, contumeliae, tum iracundiae, contentiones concertationesque in disputando pertinaces indignae philosophia mihi videri solent. Tum.', 'Dicent ab illis has res esse tractatas, ne ipsos quidem Graecos est cur verear, ne ad eam non possim accommodare Torquatos nostros? Quos tu paulo ante collegi, abest plurimum et, cum stultorum vitam cum sua comparat.', '2', '2024-12-16 06:29:30'),
('66', 'Nullam habuit. Voluptatem cum summum bonum esse vult.', 'Igitur, quid sit extremum et ultimum bonorum, quod omnium philosophorum sententia tale debet esse, ut ad id autem res referuntur.', '1', '2024-11-23 00:19:35'),
('67', 'In amicitia, et amicitia cum voluptate.', 'Architecto beatae vitae dicta sunt, explicabo. Nemo enim.', '1', '2024-10-25 04:48:32'),
('68', 'Quod tranquillat animos, tum spe nihil earum rerum defuturum, quas natura non depravata desiderat.', 'Voluptatem efficerent, quis eas aut laudabilis aut expetendas arbitraretur? Ut enim mortis metu omnis.', '2', '2024-07-25 11:50:05'),
('69', 'Ferri deorsum suo pondere ad lineam, hunc naturalem esse omnium corporum motum. Deinde ibidem homo acutus, cum illud ocurreret, si omnia dixi hausta e fonte naturae, si tota.', 'Labefactant saepe rem publicam. Ex cupiditatibus odia, discidia, discordiae, seditiones, bella nascuntur.', '1', '2024-08-29 17:41:15'),
('70', 'Temeritas et libido et ignavia semper animum excruciant et semper sollicitant turbulentaeque sunt, sic ut plura nemini e nostris, et scribentur fortasse plura, si vita suppetet; et tamen, qui diligenter haec, quae vitam omnem perturbari videmus.', 'Maior sit, mediocritatem desiderent. Sive enim ad minima veniam.', '2', '2024-07-05 20:50:24'),
('71', 'Partem ullam liquidae voluptatis et liberae potest. Atqui pugnantibus et.', 'Nec enim habet nostra mens quicquam, ubi consistat tamquam in extremo, omnesque et.', '1', '2024-05-07 03:36:44'),
('72', 'Sabinum, municipem Ponti, Tritani, centurionum, praeclarorum hominum.', 'Dixissem, magis ut illum provocarem quam.', '2', '2024-04-23 02:24:37'),
('73', 'Ne naturales quidem multa desiderant, propterea quod ipsa natura, ut ait ille, sciscat et.', 'Spernat aut reiciat, quod se isdem Euripidis fabulis delectari dicat, Latinas litteras oderit? Synephebos ego, inquit, potius Caecilii aut Andriam Terentii quam utramque Menandri legam? A quibus tantum dissentio, ut, cum Sophocles vel optime scripserit Electram, tamen male conversam Atilii.', '2', '2025-03-14 21:44:47'),
('74', 'Reperietur. Nam neque laborum perfunctio neque perpessio dolorum per se laetitiam, id est voluptatem et dolorem?', 'Vitae optimum et verissimum sit, exquirere? An, partus ancillae sitne in fructu habendus, disseretur inter principes civitatis, P. Scaevolam M''.que Manilium, ab iisque M. Brutus dissentiet -- quod Graeci telos nominant --, quod ipsum nullam ad aliam rem, ad.', '1', '2025-03-17 01:38:23'),
('75', 'Est ultimum esse bonorum voluptatem ex hoc facillime perspici potest: Constituamus aliquem magnis, multis, perpetuis fruentem et animo et corpore voluptatibus nullo dolore nec impediente nec inpendente, quem tandem hoc statu praestabiliorem aut.', 'Multa habere intervalla requietis, mediocrium nos esse dominos, ut, si tolerabiles sint, feramus, si minus, animo aequo e vita, cum.', '1', '2024-07-31 03:22:45'),
('76', 'Tradidisse, quae pertinerent ad bene beateque vivendo a Platone disputata sunt, haec explicari non placebit Latine? Quid? Si nos non interpretum fungimur munere, sed tuemur ea, quae praeterierunt, acri animo et attento intuemur, tum fit ut aegritudo sequatur, si illa mala sint, laetitia, si bona. O praeclaram beate vivendi et apertam et simplicem et directam viam!', 'Principio, sed ex aeterno tempore intellegi convenire. Epicurus autem, in quibus sequitur Democritum, non fere labitur.', '2', '2024-04-17 17:10:52'),
('77', 'Utamur illis, qui omnino avocent a philosophia, quam his, qui rebus infinitis modum constituant in reque eo meliore, quo maior.', 'Errata ab Epicuro scriptum est et expedita distinctio. Nam libero.', '1', '2024-05-26 12:19:23'),
('78', 'Choro sustulisti. Quid ei reliquisti, nisi te, quoquo modo loqueretur.', 'Non probes. Principio, inquam, in physicis, quibus maxime gloriatur, primum.', '2', '2024-05-12 13:33:26'),
('79', 'Quidem quosdam, si videbitur, transferam, et maxime ab iis, quos modo nominavi, cum inciderit, ut id meo arbitratu facerem, ante hoc tempus numquam est ut et voluptates repudiandae.', 'Et ab Epicuro sapiens semper beatus inducitur: finitas habet cupiditates, neglegit mortem, de diis inmortalibus sine ullo metu vera sentit, non dubitat, si ita melius sit, accedere? Statue contra aliquem confectum tantis.', '1', '2024-05-26 05:11:57'),
('80', 'Sic inprobitas si cuius in animo versatur, numquam.', 'Studium tamque multam operam ponendam in eo filio adhibuit, quem in adoptionem D. Silano emancipaverat, ut.', '2', '2025-02-14 20:18:05'),
('81', 'Putem, de quo Lucilius: ''ferreum scriptorem'', verum, opinor, scriptorem tamen, ut legendus sit. Rudem enim esse censet, quantus videtur, vel paulo aut maiorem aut minorem. Ita, quae mutat.', 'In rerum natura cognita levamur superstitione, liberamur mortis metu, non conturbamur ignoratione rerum, e qua ipsa horribiles existunt saepe formidines. Denique etiam.', '1', '2024-09-14 01:15:50'),
('82', 'Consedit, hoc ipso, quod adest, turbulenta est; si vero molita quippiam est, quamvis occulte fecerit, numquam tamen id confidet fore.', 'Discenda. Quae cum tota res (est) ficta pueriliter, tum ne efficit quidem.', '2', '2024-08-28 10:01:34'),
('83', 'Dicant foedus esse quoddam sapientium, ut ne minus amicos quam se ipsos diligant. Quod et posse fieri intellegimus.', 'Sequitur sunt tota Democriti, atomi.', '1', '2024-08-29 09:47:34'),
('84', 'Magnis, multis, perpetuis fruentem et animo et attento intuemur, tum.', 'A Theseo. At vero Epicurus una in domo, et ea quidem angusta, quam magnos quantaque amoris conspiratione consentientis tenuit amicorum greges! Quod fit etiam nunc ab Epicureis. Sed ad haec, nisi molestum est, habeo quae velim.', '2', '2025-02-25 05:51:55'),
('85', 'Et ii quidem eruditi Graecis litteris, contemnentes Latinas, qui se plane Graecum dici velit, ut a Scaevola est praetore salutatus Athenis Albucius. Quem quidem locum comit multa venustate et omni sale idem Lucilius, apud quem praeclare Scaevola: Graecum te.', 'Quantum potuimus, non modo singulos homines, sed universas familias evertunt, totam etiam labefactant saepe rem publicam. Ex cupiditatibus odia, discidia, discordiae, seditiones, bella nascuntur, nec eae se.', '1', '2025-02-18 04:08:15'),
('86', 'Sentiunt frustra se aut pecuniae studuisse aut imperiis aut opibus aut gloriae. Nullas enim consequuntur voluptates, quarum potiendi spe inflammati multos labores magnosque susceperant.', 'Legere malint, modo legant illa ipsa, ne simulent, et iis servire, qui vel utrisque litteris.', '2', '2025-03-09 14:49:55'),
('87', 'Fautrices fidelissimae, sed etiam effectrices sunt voluptatum tam amicis quam sibi, quibus non solum praesentibus fruuntur, sed etiam quid a singulis philosophiae disciplinis diceretur, persecuti sumus. Ut.', 'Non probo, tum illud in primis.', '1', '2025-03-01 01:38:33'),
('88', 'Et Siculis scribere. Facete is quidem, sicut alia; sed neque tam docti tum erant, ad quorum iudicium elaboraret, et sunt illius scripta leviora, ut urbanitas summa appareat, doctrina mediocris. Ego autem quem timeam lectorem, cum ad me accedis, saluto: ''chaere,'' inquam, ''Tite.', 'Optime vero Epicurus, quod exiguam dixit fortunam intervenire sapienti maximasque ab eo et gravissimas res consilio ipsius et ratione administrari neque maiorem voluptatem ex infinito tempore.', '2', '2024-05-21 04:56:16'),
('89', 'Sed ut perspiciatis, unde omnis iste natus error sit voluptatem accusantium doloremque laudantium, totam rem aperiam eaque ipsa, quae tibi probarentur; si qua in iis corrigere voluit, deteriora.', 'Quietus esse numquam potest. Praeterea bona praeterita non meminerunt, praesentibus non fruuntur, futura modo expectant, quae quia certa esse non possunt, victi et debilitati obiecta specie voluptatis tradunt se libidinibus constringendos nec quid eventurum sit provident ob eamque debilitatem animi multi parentes, multi amicos.', '1', '2024-06-24 21:21:46'),
('90', 'Anteponant iis, quae recordamur. Stulti autem malorum memoria torquentur, sapientes bona praeterita grata recordatione renovata delectant. Est autem situm in nobis ut et adversa.', 'Quid eventurum sit provident ob eamque causam propter voluptatem et parvam et non necessariam et quae vel aliter pararetur et qua etiam carere possent sine dolore tum in damna, tum in morbos gravis, tum in damna, tum in damna, tum in dedecora incurrunt, saepe.', '2', '2024-07-12 12:50:52'),
('91', 'Notissima est. Quam a nobis sic intelleges eitam, ut ab ea nullo modo sine amicitia firmam et perpetuam iucunditatem vitae tenere possumus neque vero ipsam amicitiam tueri, nisi aeque amicos.', 'Nec impediente nec inpendente, quem tandem hoc statu praestabiliorem aut magis expetendum possimus dicere? Inesse enim necesse est effici, ut sapiens solum.', '2', '2024-05-31 06:38:07'),
('92', 'Nisi molestum est, habeo quae velim. An me, inquam, nisi te audire vellem, censes haec dicturum fuisse? Utrum.', 'Fortunam intervenire sapienti maximasque ab eo ortum, tam inportuno tamque crudeli; sin, ut dolore suo sanciret militaris imperii.', '1', '2024-07-19 13:42:10'),
('93', 'Pugnantibus et contrariis studiis consiliisque semper utens nihil quieti videre, nihil tranquilli.', 'Etiam videtur multis voluptatibus, cum ipsi naturae patrioque amori praetulerit ius maiestatis.', '2', '2024-07-05 02:23:23'),
('94', 'Videntur, quibus nostra ignota sunt. An ''Utinam ne in nemore . .', 'Eorum vita nulla est intercapedo molestiae. Igitur neque stultorum quisquam beatus neque.', '1', '2025-02-18 10:19:59'),
('95', 'Inanes divitiarum, gloriae, dominationis, libidinosarum etiam voluptatum. Accedunt aegritudines, molestiae, maerores.', 'Est voluptas. Ut enim, cum cibo et potione fames sitisque depulsa est, ipsa detractio molestiae consecutionem affert voluptatis, sic in omni munere vitae optimum et verissimum sit, exquirere? An, partus ancillae sitne in fructu habendus, disseretur inter principes civitatis, P. Scaevolam M''.que.', '2', '2024-08-24 02:39:54'),
('96', 'M''.que Manilium, ab iisque M. Brutus dissentiet -- quod et acutum genus est et ad corpus nihil referatur, ista sua sponte et per se esse fugiendum. Itaque.', 'Voluptaria, delicata, mollis habeatur disciplina, quam gravis, quam continens, quam severa sit. Non enim hanc solam sequimur, quae suavitate aliqua naturam ipsam movet et cum iucunditate.', '1', '2024-09-01 01:16:59'),
('97', 'Et collaudata est, cum id, quod maxime placeat, facere possimus, omnis voluptas.', 'Autem, qui dicant foedus esse quoddam sapientium, ut ne minus amicos quam se ipsos penitus perdiderunt, sic robustus animus et a falsis initiis profecta.', '1', '2024-08-10 12:24:03'),
('98', 'Quoniam autem id est in voluptate est. Extremum autem esse.', 'Cogitavisse? Sed ut perspiciatis, unde omnis iste natus error sit.', '2', '2024-08-18 03:40:40'),
('99', 'Istis tantopere pugnare, qui Graeca legere malint, modo legant illa ipsa, ne simulent, et iis quidem non admodum indoctis, totum hoc displicet philosophari. Quidam autem non tam id reprehendunt, si remissius agatur.', 'In musicis, geometria, numeris, astris contereret, quae et splendide dicta sint neque sint conversa de Graecis? Nam si ea sola voluptas esset.', '1', '2024-11-24 06:47:06'),
('100', 'Municipem Ponti, Tritani, centurionum, praeclarorum hominum ac primorum signiferumque, maluisti dici. Graece ergo praetor.', 'Ista sua sponte et per se esset et virtus et cognitio rerum, quod.', '2', '2024-08-04 15:33:57');
